<?xml version="1.0" encoding="UTF-8" standalone="yes"?>
<addon id="plugin.video.mcwizard" name="McWizard" version="1.0.1" provider-name="Shane McWaine">
  <requires>
    <import addon="xbmc.python" version="2.1.0"/>
  </requires>
  <extension point="xbmc.python.pluginsource" library="default.py">
        <provides>video executable</provides>
  </extension>
  <extension point="xbmc.addon.metadata">
    <summary lang="en">McWizard</summary>
    <description lang="en">Shanes Kodi Builds Wizard / ##CREDIT TO LEE @ COMMUNITY BUILDS FOR WRITING THE FORCE CLOSE FUNCTION AND ANY OTHER DEVS WHO CREATED ANY MODULES USED##</description>
    <platform>all</platform>
  </extension>
</addon>
